{
  "PS4Spill" : {
    "BF5" : {
      "Banner" : "BF5banner.jpg",
      "Bilde" : "BF5.jpg",
      "Pris" : "499.-",
      "Produktbeskrivelse" : "Enter mankind’s greatest conflict with Battlefield™ V as the series goes back to its roots in a never-before-seen portrayal of World War 2. Take on all-out multiplayer across the world or witness human drama set against global combat in single player War Stories.",
      "Tittel" : "Battlefield 5 PS4",
      "Video" : "https://www.youtube.com/embed/fb1MR85XFOc",
      "Ferdig": 1
    },
    "RDR2" : {
      "Banner" : "rdr2banner.jpg",
      "Bilde" : "rdr2.jpg",
      "Pris" : "399.-",
      "Produktbeskrivelse" : "America, 1899. The end of the Wild West era has begun. After a robbery goes badly wrong in the western town of Blackwater, Arthur Morgan and the Van der Linde gang are forced to flee. With federal agents and the best bounty hunters in the nation massing on their heels, the gang must rob, steal and fight their way across the rugged heartland of America in order to survive. As deepening internal divisions threaten to tear the gang apart, Arthur must make a choice between his own ideals and loyalty to the gang who raised him.",
      "Tittel" : "Red Dead Redemption 2 PS4",
      "Video" : "https://www.youtube.com/embed/Dw_oH5oiUSE",
      "Ferdig" : 1
    },
    "Fallout76" : {
      "Banner" : "Fallout76Banner.jpg",
      "Bilde" : "Fallout76.jpg",
      "Pris" : "299.-",
      "Produktbeskrivelse" : "Bethesda Game Studios, the award-winning creators of Skyrim and Fallout 4, welcome you to Fallout 76, the online prequel where every surviving human is a real person. Work together, or not, to survive. Under the threat of nuclear annihilation, you’ll experience the largest, most dynamic world ever created in the legendary Fallout universe.",
      "Tittel" : "Fallout 76 PS4",
      "Video" : "https://www.youtube.com/embed/M9FGaan35s0",
      "Ferdig": 1
    },
    "ACO" : {
      "Banner" : 1,
      "Bilde" : "ACO.jpg",
      "Pris" : "499.-",
      "Produktbeskrivelse" : 1,
      "Tittel" : "Assassins Creed Oddesey PS4",
      "Video" : 1
    },
    "BO4" : {
      "Banner" : 1,
      "Bilde" : "BO4.jpg",
      "Pris" : "299.-",
      "Produktbeskrivelse" : 1,
      "Tittel" : "Battlefield 4 PS4",
      "Video" : 1
    },
    "Hitman2" : {
      "Banner" : 1,
      "Bilde" : "Hitman2.jpg",
      "Pris" : "199.-",
      "Produktbeskrivelse" : 1,
      "Tittel" : "Hitman 2 PS4",
      "Video" : 1
    },
    "DragonQuestXI" : {
      "Banner" : 1,
      "Bilde" : "DQXI.jpg",
      "Pris" : "599.-",
      "Produktbeskrivelse" : 1,
      "Tittel" : "Dragon Quest XI PS4",
      "Video" : 1
    },
    "Fifa19" : {
      "Banner" : 1,
      "Bilde" : "Fifa19.jpg",
      "Pris" : "399.-",
      "Produktbeskrivelse" : 1,
      "Tittel" : "Fifa 19 PS4",
      "Video" : 1
    },
    "NHL19" : {
      "Banner" : 1,
      "Bilde" : "NHL19.jpg",
      "Pris" : "299.-",
      "Produktbeskrivelse" : 1,
      "Tittel" : "NHL 19 PS4",
      "Video" : 1
    },
    "ShadowOfTheTombRaider" : {
      "Banner" : 1,
      "Bilde" : "SOTTR.jpg",
      "Pris" : "199.-",
      "Produktbeskrivelse" : 1,
      "Tittel" : "Shadow Of The Tomb Raider PS4",
      "Video" : 1
    },
    "Spiderman" : {
      "Banner" : 1,
      "Bilde" : "Spiderman.jpg",
      "Pris" : "299.-",
      "Produktbeskrivelse" : 1,
      "Tittel" : "Spiderman PS4",
      "Video" : 1
    },
    "Spyro" : {
      "Banner" : 1,
      "Bilde" : "Spyro.jpg",
      "Pris" : "499.-",
      "Produktbeskrivelse" : 1,
      "Tittel" : "Spyro PS4",
      "Video" : 1
    },
    "Yakuza2" : {
      "Banner" : 1,
      "Bilde" : "Yakuza2.jpg",
      "Pris" : "299.-",
      "Produktbeskrivelse" : 1,
      "Tittel" : "Yakuza 2 PS4",
      "Video" : 1
    },
    "Valkyria4" : {
      "Banner" : 1,
      "Bilde" : "VC4.jpg",
      "Pris" : "299.-",
      "Produktbeskrivelse" : 1,
      "Tittel" : "Valkyria Chronicles 4 PS4",
      "Video" : 1
    },
    "SoulcaliburVI" : {
      "Banner" : 1,
      "Bilde" : "SoulcaliburVI.jpg",
      "Pris" : "199.-",
      "Produktbeskrivelse" : 1,
      "Tittel" : "Soulcalibur VI PS4",
      "Video" : 1
    },
    "8" : {
      "Banner" : 1,
      "Bilde" : 1,
      "Pris" : 1,
      "Produktbeskrivelse" : 1,
      "Tittel" : 1,
      "Video" : 1
    },
    "8" : {
      "Banner" : 1,
      "Bilde" : 1,
      "Pris" : 1,
      "Produktbeskrivelse" : 1,
      "Tittel" : 1,
      "Video" : 1
    },
    "8" : {
      "Banner" : 1,
      "Bilde" : 1,
      "Pris" : 1,
      "Produktbeskrivelse" : 1,
      "Tittel" : 1,
      "Video" : 1
    },
    "8" : {
      "Banner" : 1,
      "Bilde" : 1,
      "Pris" : 1,
      "Produktbeskrivelse" : 1,
      "Tittel" : 1,
      "Video" : 1
    },
    "8" : {
      "Banner" : 1,
      "Bilde" : 1,
      "Pris" : 1,
      "Produktbeskrivelse" : 1,
      "Tittel" : 1,
      "Video" : 1
    },
    "8" : {
      "Banner" : 1,
      "Bilde" : 1,
      "Pris" : 1,
      "Produktbeskrivelse" : 1,
      "Tittel" : 1,
      "Video" : 1
    },
    "8" : {
      "Banner" : 1,
      "Bilde" : 1,
      "Pris" : 1,
      "Produktbeskrivelse" : 1,
      "Tittel" : 1,
      "Video" : 1
    },
    "8" : {
      "Banner" : 1,
      "Bilde" : 1,
      "Pris" : 1,
      "Produktbeskrivelse" : 1,
      "Tittel" : 1,
      "Video" : 1
    },
    "8" : {
      "Banner" : 1,
      "Bilde" : 1,
      "Pris" : 1,
      "Produktbeskrivelse" : 1,
      "Tittel" : 1,
      "Video" : 1
    },
    "8" : {
      "Banner" : 1,
      "Bilde" : 1,
      "Pris" : 1,
      "Produktbeskrivelse" : 1,
      "Tittel" : 1,
      "Video" : 1
    },
    "8" : {
      "Banner" : 1,
      "Bilde" : 1,
      "Pris" : 1,
      "Produktbeskrivelse" : 1,
      "Tittel" : 1,
      "Video" : 1
    },
    "8" : {
      "Banner" : 1,
      "Bilde" : 1,
      "Pris" : 1,
      "Produktbeskrivelse" : 1,
      "Tittel" : 1,
      "Video" : 1
    },
    "8" : {
      "Banner" : 1,
      "Bilde" : 1,
      "Pris" : 1,
      "Produktbeskrivelse" : 1,
      "Tittel" : 1,
      "Video" : 1
    },
    "8" : {
      "Banner" : 1,
      "Bilde" : 1,
      "Pris" : 1,
      "Produktbeskrivelse" : 1,
      "Tittel" : 1,
      "Video" : 1
    },
    "8" : {
      "Banner" : 1,
      "Bilde" : 1,
      "Pris" : 1,
      "Produktbeskrivelse" : 1,
      "Tittel" : 1,
      "Video" : 1
    },
    "8" : {
      "Banner" : 1,
      "Bilde" : 1,
      "Pris" : 1,
      "Produktbeskrivelse" : 1,
      "Tittel" : 1,
      "Video" : 1
    },
    "8" : {
      "Banner" : 1,
      "Bilde" : 1,
      "Pris" : 1,
      "Produktbeskrivelse" : 1,
      "Tittel" : 1,
      "Video" : 1
    },
    "8" : {
      "Banner" : 1,
      "Bilde" : 1,
      "Pris" : 1,
      "Produktbeskrivelse" : 1,
      "Tittel" : 1,
      "Video" : 1
    },
    "8" : {
      "Banner" : 1,
      "Bilde" : 1,
      "Pris" : 1,
      "Produktbeskrivelse" : 1,
      "Tittel" : 1,
      "Video" : 1
    },
    "8" : {
      "Banner" : 1,
      "Bilde" : 1,
      "Pris" : 1,
      "Produktbeskrivelse" : 1,
      "Tittel" : 1,
      "Video" : 1
    },
    "8" : {
      "Banner" : 1,
      "Bilde" : 1,
      "Pris" : 1,
      "Produktbeskrivelse" : 1,
      "Tittel" : 1,
      "Video" : 1
    },
    "8" : {
      "Banner" : 1,
      "Bilde" : 1,
      "Pris" : 1,
      "Produktbeskrivelse" : 1,
      "Tittel" : 1,
      "Video" : 1
    },
    "8" : {
      "Banner" : 1,
      "Bilde" : 1,
      "Pris" : 1,
      "Produktbeskrivelse" : 1,
      "Tittel" : 1,
      "Video" : 1
    }

  }
}
