{
  "PS4Spill" : {
    "ps41" : {
      "Banner" : 1,
      "Bilde" : "ACO.jpg",
      "Pris" : "499.-",
      "Produktbeskrivelse" : "Kommer snart",
      "Tittel" : "Assassins Creed Oddesey PS4",
      "Video" : "ikkeferdig.jpg"
    },
    "ps410" : {
      "Banner" : 1,
      "Bilde" : "SOTTR.jpg",
      "Pris" : "199.-",
      "Produktbeskrivelse" : "Kommer snart",
      "Tittel" : "Shadow Of The Tomb Raider PS4",
      "Video" : "ikkeferdig.jpg"
    },
    "ps411" : {
      "Banner" : 1,
      "Bilde" : "SoulcaliburVI.jpg",
      "Pris" : "199.-",
      "Produktbeskrivelse" : "Kommer snart",
      "Tittel" : "Soulcalibur VI PS4",
      "Video" : "ikkeferdig.jpg"
    },
    "ps412" : {
      "Banner" : 1,
      "Bilde" : "Spiderman.jpg",
      "Pris" : "299.-",
      "Produktbeskrivelse" : "Kommer snart",
      "Tittel" : "Spiderman PS4",
      "Video" : "ikkeferdig.jpg"
    },
    "ps413" : {
      "Banner" : 1,
      "Bilde" : "Spyro.jpg",
      "Pris" : "499.-",
      "Produktbeskrivelse" : "Kommer snart",
      "Tittel" : "Spyro PS4",
      "Video" : "ikkeferdig.jpg"
    },
    "ps414" : {
      "Banner" : 1,
      "Bilde" : "VC4.jpg",
      "Pris" : "299.-",
      "Produktbeskrivelse" : "Kommer snart",
      "Tittel" : "Valkyria Chronicles 4 PS4",
      "Video" : "ikkeferdig.jpg"
    },
    "ps415" : {
      "Banner" : 1,
      "Bilde" : "Yakuza2.jpg",
      "Pris" : "299.-",
      "Produktbeskrivelse" : "Kommer snart",
      "Tittel" : "Yakuza 2 PS4",
      "Video" : "ikkeferdig.jpg"
    },
    "ps42" : {
      "Banner" : "BF5banner.jpg",
      "Bilde" : "BF5.jpg",
      "Ferdig" : 1,
      "Pris" : "499.-",
      "Produktbeskrivelse" : "Enter mankind’s greatest conflict with Battlefield™ V as the series goes back to its roots in a never-before-seen portrayal of World War 2. Take on all-out multiplayer across the world or witness human drama set against global combat in single player War Stories.",
      "Tittel" : "Battlefield 5 PS4",
      "Video" : "https://www.youtube.com/embed/fb1MR85XFOc"
    },
    "ps43" : {
      "Banner" : 1,
      "Bilde" : "BO4.jpg",
      "Pris" : "299.-",
      "Produktbeskrivelse" : "Kommer snart",
      "Tittel" : "Black Ops 4 PS4",
      "Video" : "ikkeferdig.jpg"
    },
    "ps44" : {
      "Banner" : 1,
      "Bilde" : "DQXI.jpg",
      "Pris" : "599.-",
      "Produktbeskrivelse" : "Kommer snart",
      "Tittel" : "Dragon Quest XI PS4",
      "Video" : "ikkeferdig.jpg"
    },
    "ps45" : {
      "Banner" : "Fallout76Banner.jpg",
      "Bilde" : "Fallout76.jpg",
      "Ferdig" : 1,
      "Pris" : "299.-",
      "Produktbeskrivelse" : "Bethesda Game Studios, the award-winning creators of Skyrim and Fallout 4, welcome you to Fallout 76, the online prequel where every surviving human is a real person. Work together, or not, to survive. Under the threat of nuclear annihilation, you’ll experience the largest, most dynamic world ever created in the legendary Fallout universe.",
      "Tittel" : "Fallout 76 PS4",
      "Video" : "https://www.youtube.com/embed/M9FGaan35s0"
    },
    "ps46" : {
      "Banner" : 1,
      "Bilde" : "",
      "Pris" : "399.-",
      "Produktbeskrivelse" : "Kommer snart",
      "Tittel" : "Fifa 19 PS4",
      "Video" : "ikkeferdig.jpg"
    },
    "ps47" : {
      "Banner" : 1,
      "Bilde" : "Hitman2.jpg",
      "Pris" : "199.-",
      "Produktbeskrivelse" : "Kommer snart",
      "Tittel" : "Hitman 2 PS4",
      "Video" : "ikkeferdig.jpg"
    },
    "ps48" : {
      "Banner" : 1,
      "Bilde" : "NHL19.jpg",
      "Pris" : "299.-",
      "Produktbeskrivelse" : "Kommer snart",
      "Tittel" : "NHL 19 PS4",
      "Video" : "ikkeferdig.jpg"
    },
    "ps49" : {
      "Banner" : "rdr2banner.jpg",
      "Bilde" : "rdr2.jpg",
      "Ferdig" : 1,
      "Pris" : "399.-",
      "Produktbeskrivelse" : "America, 1899. The end of the Wild West era has begun. After a robbery goes badly wrong in the western town of Blackwater, Arthur Morgan and the Van der Linde gang are forced to flee. With federal agents and the best bounty hunters in the nation massing on their heels, the gang must rob, steal and fight their way across the rugged heartland of America in order to survive. As deepening internal divisions threaten to tear the gang apart, Arthur must make a choice between his own ideals and loyalty to the gang who raised him.",
      "Tittel" : "Red Dead Redemption 2 PS4",
      "Video" : "https://www.youtube.com/embed/Dw_oH5oiUSE"
    },
    "ps416" : {
      "Banner" : "godofwarbanner.jpg",
      "Bilde" : "godofwar.jpg",
      "Ferdig" : 1,
      "Pris" : "243.-",
      "Produktbeskrivelse" : "His vengeance against the Gods of Olympus years behind him, Kratos now lives as a man in the realm of Norse Gods and monsters. It is in this harsh, unforgiving world that he must fight to survive… And teach his son to do the same.",
      "Tittel" : "God of War PS4",
      "Video" : "https://www.youtube.com/embed/K0u_kAWLJOA"
    }
  },
  "SwitchSpill" : {
    "ns1" : {
      "Banner" : 1,
      "Bilde" : "ACO.jpg",
      "Pris" : "499.-",
      "Produktbeskrivelse" : "Kommer snart",
      "Tittel" : "Assassins Creed Oddesey Switch",
      "Video" : "ikkeferdig.jpg"
    },
    "ns2" : {
      "Banner" : "BF5banner.jpg",
      "Bilde" : "BF5.jpg",
      "Ferdig" : 1,
      "Pris" : "499.-",
      "Produktbeskrivelse" : "Enter mankind’s greatest conflict with Battlefield™ V as the series goes back to its roots in a never-before-seen portrayal of World War 2. Take on all-out multiplayer across the world or witness human drama set against global combat in single player War Stories.",
      "Tittel" : "Battlefield 5 Switch",
      "Video" : "https://www.youtube.com/embed/fb1MR85XFOc"
    },
    "ns3" : {
      "Banner" : 1,
      "Bilde" : "BO4.jpg",
      "Pris" : "299.-",
      "Produktbeskrivelse" : "Kommer snart",
      "Tittel" : "Black Ops 4 Switch",
      "Video" : "ikkeferdig.jpg"
    },
    "ns4" : {
      "Banner" : 1,
      "Bilde" : "DQXI.jpg",
      "Pris" : "599.-",
      "Produktbeskrivelse" : "Kommer snart",
      "Tittel" : "Dragon Quest XI Switch",
      "Video" : "ikkeferdig.jpg"
    },
    "ns5" : {
      "Banner" : "Fallout76Banner.jpg",
      "Bilde" : "Fallout76.jpg",
      "Ferdig" : 1,
      "Pris" : "299.-",
      "Produktbeskrivelse" : "Bethesda Game Studios, the award-winning creators of Skyrim and Fallout 4, welcome you to Fallout 76, the online prequel where every surviving human is a real person. Work together, or not, to survive. Under the threat of nuclear annihilation, you’ll experience the largest, most dynamic world ever created in the legendary Fallout universe.",
      "Tittel" : "Fallout 76 Switch",
      "Video" : "https://www.youtube.com/embed/M9FGaan35s0"
    },
    "ns6" : {
      "Banner" : 1,
      "Bilde" : "",
      "Pris" : "399.-",
      "Produktbeskrivelse" : "Kommer snart",
      "Tittel" : "Fifa 19 Switch",
      "Video" : "ikkeferdig.jpg"
    },
    "ns7" : {
      "Banner" : 1,
      "Bilde" : "Hitman2.jpg",
      "Pris" : "199.-",
      "Produktbeskrivelse" : "Kommer snart",
      "Tittel" : "Hitman 2 Switch",
      "Video" : "ikkeferdig.jpg"
    },
    "ns8" : {
      "Banner" : 1,
      "Bilde" : "NHL19.jpg",
      "Pris" : "299.-",
      "Produktbeskrivelse" : "Kommer snart",
      "Tittel" : "NHL 19 Switch",
      "Video" : "ikkeferdig.jpg"
    },
    "ns9" : {
      "Banner" : "rdr2banner.jpg",
      "Bilde" : "rdr2.jpg",
      "Ferdig" : 1,
      "Pris" : "399.-",
      "Produktbeskrivelse" : "America, 1899. The end of the Wild West era has begun. After a robbery goes badly wrong in the western town of Blackwater, Arthur Morgan and the Van der Linde gang are forced to flee. With federal agents and the best bounty hunters in the nation massing on their heels, the gang must rob, steal and fight their way across the rugged heartland of America in order to survive. As deepening internal divisions threaten to tear the gang apart, Arthur must make a choice between his own ideals and loyalty to the gang who raised him.",
      "Tittel" : "Red Dead Redemption 2 Switch",
      "Video" : "https://www.youtube.com/embed/Dw_oH5oiUSE"
    },
    "ns10" : {
      "Banner" : 1,
      "Bilde" : "SOTTR.jpg",
      "Pris" : "199.-",
      "Produktbeskrivelse" : "Kommer snart",
      "Tittel" : "Shadow Of The Tomb Raider Switch",
      "Video" : "ikkeferdig.jpg"
    },
    "ns11" : {
      "Banner" : 1,
      "Bilde" : "SoulcaliburVI.jpg",
      "Pris" : "199.-",
      "Produktbeskrivelse" : "Kommer snart",
      "Tittel" : "Soulcalibur VI Switch",
      "Video" : "ikkeferdig.jpg"
    },
    "ns12" : {
      "Banner" : 1,
      "Bilde" : "Spiderman.jpg",
      "Pris" : "299.-",
      "Produktbeskrivelse" : "Kommer snart",
      "Tittel" : "Spiderman Switch",
      "Video" : "ikkeferdig.jpg"
    },
    "ns13" : {
      "Banner" : 1,
      "Bilde" : "Spyro.jpg",
      "Pris" : "499.-",
      "Produktbeskrivelse" : "Kommer snart",
      "Tittel" : "Spyro Switch",
      "Video" : "ikkeferdig.jpg"
    },
    "ns14" : {
      "Banner" : 1,
      "Bilde" : "VC4.jpg",
      "Pris" : "299.-",
      "Produktbeskrivelse" : "Kommer snart",
      "Tittel" : "Valkyria Chronicles 4 Switch",
      "Video" : "ikkeferdig.jpg"
    },
    "ns15" : {
      "Banner" : 1,
      "Bilde" : "Yakuza2.jpg",
      "Pris" : "299.-",
      "Produktbeskrivelse" : "Kommer snart",
      "Tittel" : "Yakuza 2 Switch",
      "Video" : "ikkeferdig.jpg"
    },
    "ns16" : {
      "Banner" : "SSBbanner.jpg",
      "Bilde" : "SSB.jpg",
      "Ferdig" : 1,
      "Pris" : "299.-",
      "Produktbeskrivelse" : "Gaming icons clash in the ultimate brawl you can play anytime, anywhere! Smash rivals off the stage as new characters Simon Belmont and King K. Rool join Inkling, Ridley, and every fighter in Super Smash Bros. history. Enjoy enhanced speed and combat at new stages based on the Castlevania series, Super Mario Odyssey, and more!",
      "Tittel" : "Super Smash Bros Switch",
      "Video" : "https://www.youtube.com/embed/uHRwMmwbFnA"
    },
    "ns17" : {
      "Banner" : "pikachubanner.jpg",
      "Bilde" : "pikachu.png",
      "Ferdig" : 1,
      "Pris" : "299.-",
      "Produktbeskrivelse" : "Become the best Pokémon Trainer as you battle other Trainers, Gym Leaders, and the sinister Team Rocket. Catch Pokémon in the wild using a gentle throwing motion with either a Joy-Con™ controller or a Poké Ball™ Plus accessory, which will light up, vibrate, and make sounds to bring your adventure to life. You can also use button controls in Handheld Mode. Share your adventure with family or friends using a second Joy-Con or Poké Ball Plus (sold separately). You can even connect to the Pokémon™ GO app* using a compatible smartphone to bring over Pokémon originally discovered in the Kanto region!",
      "Tittel" : "Lets go Pikachu",
      "Video" : "https://www.youtube.com/embed/9jRtpMKLsts"
    },
    "ns18" : {
      "Banner" : "civ6banner.jpg",
      "Bilde" : "Civ6.png",
      "Ferdig" : 1,
      "Pris" : "299.-",
      "Produktbeskrivelse" : "Originally created by legendary game designer Sid Meier, Civilization is a turn-based strategy game in which you attempt to build an empire to stand the test of time. Explore a new land, research technology, conquer your enemies, and go head-to-head with history’s most renowned leaders as you attempt to build the greatest civilization the world has ever known. And now on Nintendo Switch, the quest to victory in Civilization VI can take place wherever, whenever.",
      "Tittel" : "Civilization 6",
      "Video" : "https://www.youtube.com/embed/p4TGVKLCLwM"
    }
  },
  "WiiSpill" : {
    "wii1" : {
      "Banner" : 1,
      "Bilde" : "ACO.jpg",
      "Pris" : "499.-",
      "Produktbeskrivelse" : "Kommer snart",
      "Tittel" : "Assassins Creed Oddesey Wii",
      "Video" : "ikkeferdig.jpg"
    },
    "wii2" : {
      "Banner" : "BF5banner.jpg",
      "Bilde" : "BF5.jpg",
      "Ferdig" : 1,
      "Pris" : "499.-",
      "Produktbeskrivelse" : "Enter mankind’s greatest conflict with Battlefield™ V as the series goes back to its roots in a never-before-seen portrayal of World War 2. Take on all-out multiplayer across the world or witness human drama set against global combat in single player War Stories.",
      "Tittel" : "Battlefield 5 Wii",
      "Video" : "https://www.youtube.com/embed/fb1MR85XFOc"
    },
    "wii3" : {
      "Banner" : 1,
      "Bilde" : "BO4.jpg",
      "Pris" : "299.-",
      "Produktbeskrivelse" : "Kommer snart",
      "Tittel" : "Black Ops 4 Wii",
      "Video" : "ikkeferdig.jpg"
    },
    "wii4" : {
      "Banner" : 1,
      "Bilde" : "DQXI.jpg",
      "Pris" : "599.-",
      "Produktbeskrivelse" : "Kommer snart",
      "Tittel" : "Dragon Quest XI Wii",
      "Video" : "ikkeferdig.jpg"
    },
    "wii5" : {
      "Banner" : "Fallout76Banner.jpg",
      "Bilde" : "Fallout76.jpg",
      "Ferdig" : 1,
      "Pris" : "299.-",
      "Produktbeskrivelse" : "Bethesda Game Studios, the award-winning creators of Skyrim and Fallout 4, welcome you to Fallout 76, the online prequel where every surviving human is a real person. Work together, or not, to survive. Under the threat of nuclear annihilation, you’ll experience the largest, most dynamic world ever created in the legendary Fallout universe.",
      "Tittel" : "Fallout 76 Wii",
      "Video" : "https://www.youtube.com/embed/M9FGaan35s0"
    },
    "wii6" : {
      "Banner" : 1,
      "Bilde" : "",
      "Pris" : "399.-",
      "Produktbeskrivelse" : "Kommer snart",
      "Tittel" : "Fifa 19 Wii",
      "Video" : "ikkeferdig.jpg"
    },
    "wii7" : {
      "Banner" : 1,
      "Bilde" : "Hitman2.jpg",
      "Pris" : "199.-",
      "Produktbeskrivelse" : "Kommer snart",
      "Tittel" : "Hitman 2 Wii",
      "Video" : "ikkeferdig.jpg"
    },
    "wii8" : {
      "Banner" : 1,
      "Bilde" : "NHL19.jpg",
      "Pris" : "299.-",
      "Produktbeskrivelse" : "Kommer snart",
      "Tittel" : "NHL 19 Wii",
      "Video" : "ikkeferdig.jpg"
    },
    "wii9" : {
      "Banner" : "rdr2banner.jpg",
      "Bilde" : "rdr2.jpg",
      "Ferdig" : 1,
      "Pris" : "399.-",
      "Produktbeskrivelse" : "America, 1899. The end of the Wild West era has begun. After a robbery goes badly wrong in the western town of Blackwater, Arthur Morgan and the Van der Linde gang are forced to flee. With federal agents and the best bounty hunters in the nation massing on their heels, the gang must rob, steal and fight their way across the rugged heartland of America in order to survive. As deepening internal divisions threaten to tear the gang apart, Arthur must make a choice between his own ideals and loyalty to the gang who raised him.",
      "Tittel" : "Red Dead Redemption 2 Wii",
      "Video" : "https://www.youtube.com/embed/Dw_oH5oiUSE"
    },
    "wii10" : {
      "Banner" : 1,
      "Bilde" : "SOTTR.jpg",
      "Pris" : "199.-",
      "Produktbeskrivelse" : "Kommer snart",
      "Tittel" : "Shadow Of The Tomb Raider Wii",
      "Video" : "ikkeferdig.jpg"
    },
    "wii11" : {
      "Banner" : 1,
      "Bilde" : "SoulcaliburVI.jpg",
      "Pris" : "199.-",
      "Produktbeskrivelse" : "Kommer snart",
      "Tittel" : "Soulcalibur VI Wii",
      "Video" : "ikkeferdig.jpg"
    },
    "wii12" : {
      "Banner" : 1,
      "Bilde" : "Spiderman.jpg",
      "Pris" : "299.-",
      "Produktbeskrivelse" : "Kommer snart",
      "Tittel" : "Spiderman Wii",
      "Video" : "ikkeferdig.jpg"
    },
    "wii13" : {
      "Banner" : 1,
      "Bilde" : "Spyro.jpg",
      "Pris" : "499.-",
      "Produktbeskrivelse" : "Kommer snart",
      "Tittel" : "Spyro Wii",
      "Video" : "ikkeferdig.jpg"
    },
    "wii14" : {
      "Banner" : 1,
      "Bilde" : "VC4.jpg",
      "Pris" : "299.-",
      "Produktbeskrivelse" : "Kommer snart",
      "Tittel" : "Valkyria Chronicles 4 Wii",
      "Video" : "ikkeferdig.jpg"
    },
    "wii15" : {
      "Banner" : 1,
      "Bilde" : "Yakuza2.jpg",
      "Pris" : "299.-",
      "Produktbeskrivelse" : "Kommer snart",
      "Tittel" : "Yakuza 2 Wii",
      "Video" : "ikkeferdig.jpg"
    },
    "wii16" : {
      "Banner" : "zeldabanner.jpg",
      "Bilde" : "zeldawii.jpg",
      "Ferdig" : 1,
      "Pris" : "499.-",
      "Produktbeskrivelse" : "Skyward Sword takes place at the beginning of the Zelda continuity: according to legend, three ancient Goddesses bestowed a great wish-granting power: the Triforce. The Demon King Demise sought the Triforce, and laid waste to much of the land in his quest for it.",
      "Tittel" : "Zelda Wii",
      "Video" : "https://www.youtube.com/embed/SMkvcKhVCEk"
    },
    "wii17" : {
      "Banner" : "mariobrosbanner.jpg",
      "Bilde" : "supermariobros.jpg",
      "Ferdig" : 1,
      "Pris" : "299.-",
      "Produktbeskrivelse" : "Lead Mario through worlds of adventure using the Wii Remote, and opt to save Princess Peach all by yourself or with a little help from your friends. New Super Mario Bros. Wii enables up to four players to get in on the action at the same time – creating chaos as you either work as a team or attempt to get ahead by being the first to hitch a ride on Yoshi, grab precious Power-Ups and generally look out for number one!",
      "Tittel" : "Super Mario Bros Wii",
      "Video" : "https://www.youtube.com/embed/GpcJNEWKzCY"
    },
    "wii18" : {
      "Banner" : "mariokartbanner.jpg",
      "Bilde" : "mariokart.jpg",
      "Ferdig" : 1,
      "Pris" : "299.-",
      "Produktbeskrivelse" : "Players will also be able to hit the road as their own personalized Mii caricatures in addition to many classic and even some never-before seen characters in Mario Kart games. True to the series, Mario Kart Wii will feature adrenaline pumping racing action, a plethora of power-ups and masses of objects for players to use to slow down their rivals. Also with 10 battle arenas, players are sure to be kept busy between trips around the circuit.",
      "Tittel" : "Mario Kart Wii",
      "Video" : "https://www.youtube.com/embed/hbXRCm8wCmc"
    }
  },
  "XboxSpill" : {
    "xb1" : {
      "Banner" : 1,
      "Bilde" : "ACO.jpg",
      "Pris" : "499.-",
      "Produktbeskrivelse" : "Kommer snart",
      "Tittel" : "Assassins Creed Oddesey Xbox",
      "Video" : "ikkeferdig.jpg"
    },
    "xb10" : {
      "Banner" : 1,
      "Bilde" : "SOTTR.jpg",
      "Pris" : "199.-",
      "Produktbeskrivelse" : "Kommer snart",
      "Tittel" : "Shadow Of The Tomb Raider Xbox",
      "Video" : "ikkeferdig.jpg"
    },
    "xb11" : {
      "Banner" : 1,
      "Bilde" : "SoulcaliburVI.jpg",
      "Pris" : "199.-",
      "Produktbeskrivelse" : "Kommer snart",
      "Tittel" : "Soulcalibur VI Xbox",
      "Video" : "ikkeferdig.jpg"
    },
    "xb12" : {
      "Banner" : 1,
      "Bilde" : "Spiderman.jpg",
      "Pris" : "299.-",
      "Produktbeskrivelse" : "Kommer snart",
      "Tittel" : "Spiderman Xbox",
      "Video" : "ikkeferdig.jpg"
    },
    "xb13" : {
      "Banner" : 1,
      "Bilde" : "Spyro.jpg",
      "Pris" : "499.-",
      "Produktbeskrivelse" : "Kommer snart",
      "Tittel" : "Spyro Xbox",
      "Video" : "ikkeferdig.jpg"
    },
    "xb14" : {
      "Banner" : 1,
      "Bilde" : "VC4.jpg",
      "Pris" : "299.-",
      "Produktbeskrivelse" : "Kommer snart",
      "Tittel" : "Valkyria Chronicles 4 Xbox",
      "Video" : "ikkeferdig.jpg"
    },
    "xb15" : {
      "Banner" : 1,
      "Bilde" : "Yakuza2.jpg",
      "Pris" : "299.-",
      "Produktbeskrivelse" : "Kommer snart",
      "Tittel" : "Yakuza 2 Xbox",
      "Video" : "ikkeferdig.jpg"
    },
    "xb2" : {
      "Banner" : "BF5banner.jpg",
      "Bilde" : "bf5xbox.jpg",
      "Ferdig" : 1,
      "Pris" : "499.-",
      "Produktbeskrivelse" : "Enter mankind’s greatest conflict with Battlefield™ V as the series goes back to its roots in a never-before-seen portrayal of World War 2. Take on all-out multiplayer across the world or witness human drama set against global combat in single player War Stories.",
      "Tittel" : "Battlefield 5 Xbox",
      "Video" : "https://www.youtube.com/embed/fb1MR85XFOc"
    },
    "xb3" : {
      "Banner" : 1,
      "Bilde" : "BO4.jpg",
      "Pris" : "299.-",
      "Produktbeskrivelse" : "Kommer snart",
      "Tittel" : "Black Ops 4 Xbox",
      "Video" : "ikkeferdig.jpg"
    },
    "xb4" : {
      "Banner" : 1,
      "Bilde" : "DQXI.jpg",
      "Pris" : "599.-",
      "Produktbeskrivelse" : "Kommer snart",
      "Tittel" : "Dragon Quest XI Xbox",
      "Video" : "ikkeferdig.jpg"
    },
    "xb5" : {
      "Banner" : "Fallout76Banner.jpg",
      "Bilde" : "Fallout76.jpg",
      "Ferdig" : 1,
      "Pris" : "299.-",
      "Produktbeskrivelse" : "Bethesda Game Studios, the award-winning creators of Skyrim and Fallout 4, welcome you to Fallout 76, the online prequel where every surviving human is a real person. Work together, or not, to survive. Under the threat of nuclear annihilation, you’ll experience the largest, most dynamic world ever created in the legendary Fallout universe.",
      "Tittel" : "Fallout 76 Xbox",
      "Video" : "https://www.youtube.com/embed/M9FGaan35s0"
    },
    "xb6" : {
      "Banner" : 1,
      "Bilde" : "",
      "Pris" : "399.-",
      "Produktbeskrivelse" : "Kommer snart",
      "Tittel" : "Fifa 19 Xbox",
      "Video" : "ikkeferdig.jpg"
    },
    "xb7" : {
      "Banner" : 1,
      "Bilde" : "Hitman2.jpg",
      "Pris" : "199.-",
      "Produktbeskrivelse" : "Kommer snart",
      "Tittel" : "Hitman 2 Xbox",
      "Video" : "ikkeferdig.jpg"
    },
    "xb8" : {
      "Banner" : 1,
      "Bilde" : "NHL19.jpg",
      "Pris" : "299.-",
      "Produktbeskrivelse" : "Kommer snart",
      "Tittel" : "NHL 19 Xbox",
      "Video" : "ikkeferdig.jpg"
    },
    "xb9" : {
      "Banner" : "rdr2banner.jpg",
      "Bilde" : "rdr2.jpg",
      "Ferdig" : 1,
      "Pris" : "399.-",
      "Produktbeskrivelse" : "America, 1899. The end of the Wild West era has begun. After a robbery goes badly wrong in the western town of Blackwater, Arthur Morgan and the Van der Linde gang are forced to flee. With federal agents and the best bounty hunters in the nation massing on their heels, the gang must rob, steal and fight their way across the rugged heartland of America in order to survive. As deepening internal divisions threaten to tear the gang apart, Arthur must make a choice between his own ideals and loyalty to the gang who raised him.",
      "Tittel" : "Red Dead Redemption 2 Xbox",
      "Video" : "https://www.youtube.com/embed/Dw_oH5oiUSE"
    },
    "xb16" : {
      "Banner" : "justcause4banner.jpg",
      "Bilde" : "justcause4.jpg",
      "Ferdig" : 1,
      "Pris" : "428.-",
      "Produktbeskrivelse" : "Rogue agent Rico Rodriguez journeys to Solis, a huge South American world home of conflict, oppression and extreme weather conditions. Strap into your wingsuit, equip your fully customizable grappling hook, and get ready to bring the thunder!",
      "Tittel" : "Just Cause 4 Xbox",
      "Video" : "https://www.youtube.com/embed/Avhhj7iyBJ4"
    }
  },
  "pcogmacSpill" : {
    "mac1" : {
      "Banner" : 1,
      "Bilde" : "ACO.jpg",
      "Pris" : "499.-",
      "Produktbeskrivelse" : "Kommer snart",
      "Tittel" : "Assassins Creed Oddesey PC/Mac",
      "Video" : "ikkeferdig.jpg"
    },
    "mac2" : {
      "Banner" : "BF5banner.jpg",
      "Bilde" : "BF5.jpg",
      "Ferdig" : 1,
      "Pris" : "499.-",
      "Produktbeskrivelse" : "Enter mankind’s greatest conflict with Battlefield™ V as the series goes back to its roots in a never-before-seen portrayal of World War 2. Take on all-out multiplayer across the world or witness human drama set against global combat in single player War Stories.",
      "Tittel" : "Battlefield 5 PC/Mac",
      "Video" : "https://www.youtube.com/embed/fb1MR85XFOc"
    },
    "mac3" : {
      "Banner" : 1,
      "Bilde" : "BO4.jpg",
      "Pris" : "299.-",
      "Produktbeskrivelse" : "Kommer snart",
      "Tittel" : "Black Ops 4 PC/Mac",
      "Video" : "ikkeferdig.jpg"
    },
    "mac4" : {
      "Banner" : 1,
      "Bilde" : "DQXI.jpg",
      "Pris" : "599.-",
      "Produktbeskrivelse" : "Kommer snart",
      "Tittel" : "Dragon Quest XI PC/Mac",
      "Video" : "ikkeferdig.jpg"
    },
    "mac5" : {
      "Banner" : "Fallout76Banner.jpg",
      "Bilde" : "Fallout76.jpg",
      "Ferdig" : 1,
      "Pris" : "299.-",
      "Produktbeskrivelse" : "Bethesda Game Studios, the award-winning creators of Skyrim and Fallout 4, welcome you to Fallout 76, the online prequel where every surviving human is a real person. Work together, or not, to survive. Under the threat of nuclear annihilation, you’ll experience the largest, most dynamic world ever created in the legendary Fallout universe.",
      "Tittel" : "Fallout 76 PC/Mac",
      "Video" : "https://www.youtube.com/embed/M9FGaan35s0"
    },
    "mac6" : {
      "Banner" : 1,
      "Bilde" : "",
      "Pris" : "399.-",
      "Produktbeskrivelse" : "Kommer snart",
      "Tittel" : "Fifa 19 PC/Mac",
      "Video" : "ikkeferdig.jpg"
    },
    "mac7" : {
      "Banner" : 1,
      "Bilde" : "Hitman2.jpg",
      "Pris" : "199.-",
      "Produktbeskrivelse" : "Kommer snart",
      "Tittel" : "Hitman 2 PC/Mac",
      "Video" : "ikkeferdig.jpg"
    },
    "mac8" : {
      "Banner" : 1,
      "Bilde" : "NHL19.jpg",
      "Pris" : "299.-",
      "Produktbeskrivelse" : "Kommer snart",
      "Tittel" : "NHL 19 PC/Mac",
      "Video" : "ikkeferdig.jpg"
    },
    "mac9" : {
      "Banner" : "rdr2banner.jpg",
      "Bilde" : "rdr2.jpg",
      "Ferdig" : 1,
      "Pris" : "399.-",
      "Produktbeskrivelse" : "America, 1899. The end of the Wild West era has begun. After a robbery goes badly wrong in the western town of Blackwater, Arthur Morgan and the Van der Linde gang are forced to flee. With federal agents and the best bounty hunters in the nation massing on their heels, the gang must rob, steal and fight their way across the rugged heartland of America in order to survive. As deepening internal divisions threaten to tear the gang apart, Arthur must make a choice between his own ideals and loyalty to the gang who raised him.",
      "Tittel" : "Red Dead Redemption 2 PC/Mac",
      "Video" : "https://www.youtube.com/embed/Dw_oH5oiUSE"
    },
    "mac10" : {
      "Banner" : 1,
      "Bilde" : "SOTTR.jpg",
      "Pris" : "199.-",
      "Produktbeskrivelse" : "Kommer snart",
      "Tittel" : "Shadow Of The Tomb Raider PC/Mac",
      "Video" : "ikkeferdig.jpg"
    },
    "mac11" : {
      "Banner" : 1,
      "Bilde" : "SoulcaliburVI.jpg",
      "Pris" : "199.-",
      "Produktbeskrivelse" : "Kommer snart",
      "Tittel" : "Soulcalibur VI PC/Mac",
      "Video" : "ikkeferdig.jpg"
    },
    "mac12" : {
      "Banner" : 1,
      "Bilde" : "Spiderman.jpg",
      "Pris" : "299.-",
      "Produktbeskrivelse" : "Kommer snart",
      "Tittel" : "Spiderman PC/Mac",
      "Video" : "ikkeferdig.jpg"
    },
    "mac13" : {
      "Banner" : 1,
      "Bilde" : "Spyro.jpg",
      "Pris" : "499.-",
      "Produktbeskrivelse" : "Kommer snart",
      "Tittel" : "Spyro PC/Mac",
      "Video" : "ikkeferdig.jpg"
    },
    "mac14" : {
      "Banner" : 1,
      "Bilde" : "VC4.jpg",
      "Pris" : "299.-",
      "Produktbeskrivelse" : "Kommer snart",
      "Tittel" : "Valkyria Chronicles 4 PC/Mac",
      "Video" : "ikkeferdig.jpg"
    },
    "mac15" : {
      "Banner" : 1,
      "Bilde" : "Yakuza2.jpg",
      "Pris" : "299.-",
      "Produktbeskrivelse" : "Kommer snart",
      "Tittel" : "Yakuza 2 PC/Mac",
      "Video" : "ikkeferdig.jpg"
    },
    "mac16" : {
      "Banner" : "pubgbanner.jpg",
      "Bilde" : "pubgsalg.jpg",
      "Ferdig" : 1,
      "Pris" : "349.-",
      "Produktbeskrivelse" : "PLAYERUNKNOWN'S BATTLEGROUNDS is a battle royale shooter that pits 100 players against each other in a struggle for survival. Gather supplies and outwit your opponents to become the last person standing. PLAYERUNKNOWN, aka Brendan Greene, is a pioneer of the battle royale genre and the creator of the battle royale game modes in the ARMA series and H1Z1: King of the Kill. At PUBG Corp., Greene is working with a veteran team of developers to make PUBG into the world's premiere battle royale experience.",
      "Tittel" : "Player Unknowns Battlegrounds PC",
      "Video" : "https://www.youtube.com/embed/4rG9noTfb4A"
    }
  },
  "tilbud" : {
    "t1" : {
      "Banner" : "pubgbanner.jpg",
      "Bilde" : "pubgsalg.jpg",
      "Ferdig" : 1,
      "Pris" : "349.-",
      "Produktbeskrivelse" : "PLAYERUNKNOWN'S BATTLEGROUNDS is a battle royale shooter that pits 100 players against each other in a struggle for survival. Gather supplies and outwit your opponents to become the last person standing. PLAYERUNKNOWN, aka Brendan Greene, is a pioneer of the battle royale genre and the creator of the battle royale game modes in the ARMA series and H1Z1: King of the Kill. At PUBG Corp., Greene is working with a veteran team of developers to make PUBG into the world's premiere battle royale experience.",
      "Tittel" : "Player Unknowns Battlegrounds PC",
      "Video" : "https://www.youtube.com/embed/4rG9noTfb4A"
    },
    "t2" : {
      "Banner" : "justcause4banner.jpg",
      "Bilde" : "justcause4.jpg",
      "Ferdig" : 1,
      "Pris" : "428.-",
      "Produktbeskrivelse" : "Rogue agent Rico Rodriguez journeys to Solis, a huge South American world home of conflict, oppression and extreme weather conditions. Strap into your wingsuit, equip your fully customizable grappling hook, and get ready to bring the thunder!",
      "Tittel" : "Just Cause 4 Xbox",
      "Video" : "https://www.youtube.com/embed/Avhhj7iyBJ4"
    },
    "t3" : {
      "Banner" : "godofwarbanner.jpg",
      "Bilde" : "godofwar.jpg",
      "Ferdig" : 1,
      "Pris" : "243.-",
      "Produktbeskrivelse" : "His vengeance against the Gods of Olympus years behind him, Kratos now lives as a man in the realm of Norse Gods and monsters. It is in this harsh, unforgiving world that he must fight to survive… And teach his son to do the same.",
      "Tittel" : "God of War PS4",
      "Video" : "https://www.youtube.com/embed/K0u_kAWLJOA"
    }
  }
}
